Name,discounted_price,actual_price,saving_percent,rating,reviews,brand,model,core,ssd,ssd_gb,has_valid_ssd
ACER PREDATOR HELIOS 18 AI Core Ultra 9 275HX (64GB-1TB SSD) RTX 5080 16GB,995999,1050000,5,,,acer,PREDATOR HELIOS 18 AI Core Ultra 9 275HX  RTX 5080 16GB,Ultra 9,,,0
Acer Predator Helios Neo 16 AI PHN16-73-97SP Gaming Notebook (16GB-1TB SSD),502999,599999,16,,,acer,Predator Helios Neo 16 AI PHN16-73-97SP Gaming Notebook,,,,0
Acer Predator Helios Neo PH16-72-903U Intel Core i9-14900HX (32GB-1TB SSD),480999,499999,4,,,acer,Predator Helios Neo PH16-72-903U Intel Core i9-14900HX,Core i9,,,0
ACER PREDATOR HELIOS 16 AI Core Ultra 9 275HX (32GB-1TB SSD) RTX 5070Ti 12GB,684999,724000,5,,,acer,PREDATOR HELIOS 16 AI Core Ultra 9 275HX  RTX 5070Ti 12GB,Ultra 9,,,0
Acer Predator Helios Neo PH16-72-97T1 Intel Core i9-14900HX (32GB-1TB SSD),781999,950000,18,,,acer,Predator Helios Neo PH16-72-97T1 Intel Core i9-14900HX,Core i9,,,0
Acer Nitro V15 - Ci5-13420H (16GB-512GB) RTX 4050 6GB,247999,275000,10,,,acer,Nitro V15 - Ci5-13420H  RTX 4050 6GB,,,,0
Acer Predator Helios Neo PHN14-51-97X1 Intel Core Ultra 9-185H (32GB-1TB SSD),430999,550000,22,,,acer,Predator Helios Neo PHN14-51-97X1 Intel Core Ultra 9-185H,Ultra 9,,,0
Acer Predator Helios Neo PH16-72-99PA Intel Core i9-14900HX (32GB-1TB SSD),430999,449999,4,,,acer,Predator Helios Neo PH16-72-99PA Intel Core i9-14900HX,Core i9,,,0
Acer Nitro V15 13th Gen Core i9 13900H (16GB-512GB SSD),312999,325000,4,,,acer,Nitro V15 13th Gen Core i9 13900H,Core i9,16GB-512GB SSD,16,1
Acer Nitro V15 13th Gen Core i7-13620H (16GB-512GB SSD),260999,289999,10,,,acer,Nitro V15 13th Gen Core i7-13620H,Core i7,16GB-512GB SSD,16,1
Acer Nitro V16 14th Gen Core i7 14650HX (16GB-512GB SSD),349999,415999,16,,,acer,Nitro V16 14th Gen Core i7 14650HX,Core i7,16GB-512GB SSD,16,1
Acer Nitro V16 AMD RYZEN 7 8845HS (16GB-512GB SSD),300999,330000,9,,,acer,Nitro V16 AMD RYZEN 7 8845HS,,16GB-512GB SSD,16,1
Acer Nitro V15 13th Gen Core i7-13620H (16GB-512GB SSD) RTX 4060 8GB Graphics,295999,305000,3,,,acer,Nitro V15 13th Gen Core i7-13620H  RTX 4060 8GB Graphics,Core i7,16GB-512GB SSD,16,1
Apple Macbook Air 13 MW0W3 M4,286999,299999,4,,,apple,Macbook Air 13 MW0W3 M4,M4,,,0
Apple MacBook Air MXCV3 M3 8-Core Chip,412999,450000,8,,,apple,MacBook Air MXCV3 M3 8-Core Chip,M3,,,0
Apple MacBook Air MRXW3 M3 Chip,352999,400000,12,,,apple,MacBook Air MRXW3 M3 Chip,M3,,,0
Apple Macbook Air 15 MC7C4 M4 Chip,489999,499999,2,,,apple,Macbook Air 15 MC7C4 M4 Chip,M4,,,0
Apple Macbook Pro 14 MTL73 (8GB-512GB),452999,500000,9,,,apple,Macbook Pro 14 MTL73,,,,0
Apple MACBOOK AIR 13” M3 CHIP MRXV3 8-256,288999,400000,28,5,1,apple,MACBOOK AIR 13” M3 CHIP MRXV3 8-256,M3,,,0
Apple MacBook Air 15.3 M2 MQKX3 (8GB-512GB),406999,420000,3,,,apple,MacBook Air 15.3 M2 MQKX3,M2,,,0
Apple MacBook Air MRXN3 M3 8-Core Chip,288999,300000,4,,,apple,MacBook Air MRXN3 M3 8-Core Chip,M3,,,0
Apple MACBOOK AIR 13.6” M2 CHIP MLY43 8-512GB,354999,400000,11,,,apple,MACBOOK AIR 13.6” M2 CHIP MLY43 8-512GB,M2,,,0
Apple Macbook Air 13 MW123 M4 Chip,281999,350000,19,4.3,5,apple,Macbook Air 13 MW123 M4 Chip,M4,,,0
Apple MacBook Pro A2289 13 Inches Core i5 (8GB-512GB),242999,380000,36,,,apple,MacBook Pro A2289 13 Inches Core i5,Core i5,,,0
Apple Macbook Pro MRX33 M3 Pro 14 (18GB-512GB) Black,554999,600000,8,,,apple,Macbook Pro MRX33 M3 Pro 14  Black,M3,,,0
Apple Macbook Pro MRX33 M3 Pro 14.2 (18GB-512GB),544999,600000,9,5,3,apple,Macbook Pro MRX33 M3 Pro 14.2,M3,,,0
Apple MacBook Air MC6T4 M4 Chip,286999,299999,4,,,apple,MacBook Air MC6T4 M4 Chip,M4,,,0
Apple MacBook Air 15 Inches With M3 Chip (MXD43),395999,449999,12,,,apple,MacBook Air 15 Inches With M3 Chip,M3,,,0
Apple Macbook Air 13 MW0Y3 M4,286999,299999,4,,,apple,Macbook Air 13 MW0Y3 M4,M4,,,0
Apple MacBook Pro 14.2” MTL83 (8GB-1TB),494999,515000,4,,,apple,MacBook Pro 14.2” MTL83,,,,0
Apple MacBook Air 15 Inches With M3 Chip (MRYV3),399999,449999,11,,,apple,MacBook Air 15 Inches With M3 Chip,M3,,,0
Apple MacBook Air 13 M1 MGN63 (8GB-256GB),203499,258000,21,5,2,apple,MacBook Air 13 M1 MGN63,M1,,,0
Apple MacBook Air 15 MW1K3 M4 Chip,450999,460000,2,,,apple,MacBook Air 15 MW1K3 M4 Chip,M4,,,0
Apple Macbook Pro M3 A2918 (8GB-512GB SSD),494999,600000,18,,,apple,Macbook Pro M3 A2918,M3,8GB-512GB SSD,8,1
ASUS Expertbook B1402CVA 13th Gen Core i7 (16GB-512GB),156999,200000,22,,,asus,Expertbook B1402CVA 13th Gen Core i7,Core i7,,,0
ASUS TUF GAMING A14 FA-401WU RYZEN AI 9 HX370 (32GB-1TB SSD) RTX 4050 6GB,501999,549000,9,,,asus,TUF GAMING A14 FA-401WU RYZEN AI 9 HX370  RTX 4050 6GB,,,,0
ASUS ROG Zephyrus G14 GA403UM Ryzen 9-270 (16GB-1TB SSD) RTX 5060 8GB,499999,550000,9,,,asus,ROG Zephyrus G14 GA403UM Ryzen 9-270  RTX 5060 8GB,Ryzen 9,,,0
ASUS ROG STRIX G16 G615JMR Ci7 14650HX (16GB-1TB SSD) RTX 5060 8GB,449999,570000,21,,,asus,ROG STRIX G16 G615JMR Ci7 14650HX  RTX 5060 8GB,,,,0
ASUS ZenBook 14 Q415MA Core Ultra 5 125H,191999,250000,23,,,asus,ZenBook 14 Q415MA Core Ultra 5 125H,Ultra 5,,,0
Asus Zenbook 14 Q425MA Core Ultra 7 155H,265999,300000,11,,,asus,Zenbook 14 Q425MA Core Ultra 7 155H,Ultra 7,,,0
Asus Expertbook B1403CVA Ci7 13620H (16GB-1TB SSD),194999,245000,20,,,asus,Expertbook B1403CVA Ci7 13620H,,,,0
ASUS ExpertBook B1 502CB 12th Ci5 235U,147999,170000,13,,,asus,ExpertBook B1 502CB 12th Ci5 235U,,,,0
ASUS Zenbook 14 UX3405C Intel Core Ultra 9 285H (32GB-1TB SSD),389999,499999,22,,,asus,Zenbook 14 UX3405C Intel Core Ultra 9 285H,Ultra 9,,,0
ASUS TUF FX507VV-Ci7-13620H (16GB 1TB) RTX 4060 8GB,356999,400000,11,,,asus,TUF FX507VV-Ci7-13620H  RTX 4060 8GB,,,,0
ASUS TUF F16 FX608JMR Ci7 14650HX (32GB-1TB SSD) RTX 5060 8GB,444999,475000,6,,,asus,TUF F16 FX608JMR Ci7 14650HX  RTX 5060 8GB,,,,0
ASUS TUF F16 FX608LM Ultra 9-275HX (32GB-1TB SSD) RTX 5060 8GB,549999,600000,8,,,asus,TUF F16 FX608LM Ultra 9-275HX  RTX 5060 8GB,Ultra 9,,,0
ASUS ROG STRIX G614J 13TH CI7 13650HX (32GB-1TB SSD),378999,399999,5,,,asus,ROG STRIX G614J 13TH CI7 13650HX,,,,0
ASUS EXPERTBOOK B1403CVA Ci7-1355U (16GB -512GB SSD),181999,230000,21,,,asus,EXPERTBOOK B1403CVA Ci7-1355U,,16GB -512GB SSD,16,1
ASUS EXPERTBOOK B1503CVA Ci5-1334U (16GB -512GB SSD),153999,200000,23,,,asus,EXPERTBOOK B1503CVA Ci5-1334U,,16GB -512GB SSD,16,1
ASUS Zenbook 14 UX3405CA Intel Core Ultra 7 255H (16GB-512GB SSD),285999,330000,13,,,asus,Zenbook 14 UX3405CA Intel Core Ultra 7 255H,Ultra 7,16GB-512GB SSD,16,1
Asus ExpertBook B3402FVA Ci7 1355U (16GB-512GB SSD),209999,260000,19,,,asus,ExpertBook B3402FVA Ci7 1355U,,16GB-512GB SSD,16,1
ASUS TUF GAMING F15-FX507VV Ci7-13620H (16GB-512GB SSD) RTX 4060 8GB,359999,400000,10,,,asus,TUF GAMING F15-FX507VV Ci7-13620H  RTX 4060 8GB,,16GB-512GB SSD,16,1
ASUS EXPERTBOOK B1503CVA Ci7 1355U (16GB-512GB SSD),181999,200000,9,,,asus,EXPERTBOOK B1503CVA Ci7 1355U,,16GB-512GB SSD,16,1
ASUS EXPERTBOOK B1403CVA Ci5 1334U (16GB-512GB SSD),153999,200000,23,,,asus,EXPERTBOOK B1403CVA Ci5 1334U,,16GB-512GB SSD,16,1
ASUS TUF GAMING F15-FX507VU Ci7-13620H (16GB-512GB SSD) RTX 4050 6GB,319999,365000,12,,,asus,TUF GAMING F15-FX507VU Ci7-13620H  RTX 4050 6GB,,16GB-512GB SSD,16,1
ASUS TUF GAMING F17 FX707VU Ci7-13620H (16GB-512GB SSD) RTX 4050 6GB,327999,375000,13,,,asus,TUF GAMING F17 FX707VU Ci7-13620H  RTX 4050 6GB,,16GB-512GB SSD,16,1
ASUS EXPERTBOOK B3402FBA Ci5 1235U (8GB-512GB SSD),169999,230000,26,,,asus,EXPERTBOOK B3402FBA Ci5 1235U,,8GB-512GB SSD,8,1
Asus VivoBook 15 x1504VA Ci5 1335U (8GB-512GB SSD),149999,200000,25,,,asus,VivoBook 15 x1504VA Ci5 1335U,,8GB-512GB SSD,8,1
ASUS ExpertBook B1502CV 13th Gen Core i5 1355U (8GB-512GB SSD),151999,179999,16,,,asus,ExpertBook B1502CV 13th Gen Core i5 1355U,Core i5,8GB-512GB SSD,8,1
Asus VivoBook 16 M1605YA Ryzen 7-7730U (8GB-512GB SSD),179999,215000,16,,,asus,VivoBook 16 M1605YA Ryzen 7-7730U,M1,8GB-512GB SSD,8,1
Dell Vostro 3520 12th Gen Core i3 15.6 inches (8GB-512GB),100999,125000,19,,,dell,Vostro 3520 12th Gen Core i3 15.6 inches,Core i3,,,0
Dell Vostro 15 3530 Laptop Core™ i7-1355U (16GB-512GB),172999,240000,28,,,dell,Vostro 15 3530 Laptop Core™ i7-1355U,,,,0
Dell Alienware 16X Aurora AC16251 Ultra 9-275HX (16GB-1TB SSD) RTX 5070 8GB,645999,750000,14,,,dell,Alienware 16X Aurora AC16251 Ultra 9-275HX  RTX 5070 8GB,Ultra 9,,,0
DELL Vostro 15 3520 Laptop 12th Gen Core i5,134999,170000,21,,,dell,Vostro 15 3520 Laptop 12th Gen Core i5,Core i5,,,0
Dell Latitude 15 5540 15.6 Inches 13th Gen Core i7 DOS (8GB - 512GB),343999,415000,17,,,dell,Latitude 15 5540 15.6 Inches 13th Gen Core i7 DOS,Core i7,,,0
Dell Inspiron 15 3530 13th Gen Core i5 1334u,143999,200000,28,,,dell,Inspiron 15 3530 13th Gen Core i5 1334u,Core i5,,,0
Dell Inspiron 16 5640 Intel Core 7-150U (16GB-1TB SSD),235999,264999,11,,,dell,Inspiron 16 5640 Intel Core 7-150U,,,,0
DELL Vostro 15 3520 Laptop 12th Gen Core i3,101999,139999,27,4.5,1,dell,Vostro 15 3520 Laptop 12th Gen Core i3,Core i3,,,0
Dell Latitude 15 3540 15.6 Inches 13th Gen Core i7 DOS (8GB - 512GB),251999,320000,21,,,dell,Latitude 15 3540 15.6 Inches 13th Gen Core i7 DOS,Core i7,,,0
Dell Vostro 3520 12th Gen Core i5 15.6 inches (8GB-512GB),129599,150000,14,,,dell,Vostro 3520 12th Gen Core i5 15.6 inches,Core i5,,,0
Dell Vostro 15 3530 13th Gen Core i5 1334u,142999,180000,21,5,1,dell,Vostro 15 3530 13th Gen Core i5 1334u,Core i5,,,0
Dell Inspiron 14-7440 CORE7 150U,221999,290000,23,,,dell,Inspiron 14-7440 CORE7 150U,,,,0
Dell Inspiron 3515 15.6 inches AMD Ryzen 5 3450U (8GB - 256GB),134499,145000,7,,,dell,Inspiron 3515 15.6 inches AMD Ryzen 5 3450U,Ryzen 5,,,0
Dell Alienware 16 Aurora Core 7-240H (32GB-1TB SSD) RTX 5060 8GB,440999,480000,8,,,dell,Alienware 16 Aurora Core 7-240H  RTX 5060 8GB,,,,0
Dell Inspiron 14 7440 2 in 1 Intel Core 5 120U,181999,250000,27,,,dell,Inspiron 14 7440 2 in 1 Intel Core 5 120U,,,,0
Dell Inspiron 15 3530 13th Gen Core i7 1355U (16GB-512GB SSD),189999,219999,14,,,dell,Inspiron 15 3530 13th Gen Core i7 1355U,Core i7,16GB-512GB SSD,16,1
Dell Inspiron 16 5640 Core i5-1334U (16GB-512GB SSD),197999,209999,6,,,dell,Inspiron 16 5640 Core i5-1334U,Core i5,16GB-512GB SSD,16,1
Dell Alienware Aurora 16 Core 7 240H (16GB-512GB SSD) RTX 5050 8GB,349999,400000,13,,,dell,Alienware Aurora 16 Core 7 240H  RTX 5050 8GB,,16GB-512GB SSD,16,1
Dell Inspiron 3535 AMD Ryzen 7-7730U (16GB-512GB SSD),134499,142999,6,,,dell,Inspiron 3535 AMD Ryzen 7-7730U,Ryzen 7,16GB-512GB SSD,16,1
Dell Latitude 3540 Ci5-1335U (8GB-256GB SSD),171999,200000,14,,,dell,Latitude 3540 Ci5-1335U,,8GB-256GB SSD,8,1
Dell Latitude 3540 Ci5-1335U (8GB-256GB SSD) 15.6 FHD,169999,249999,32,5,1,dell,Latitude 3540 Ci5-1335U  15.6 FHD,,8GB-256GB SSD,8,1
Dell Vostro 3530 Ci3-1305U (8GB-512GB SSD),111999,143000,22,,,dell,Vostro 3530 Ci3-1305U,,8GB-512GB SSD,8,1
Dell Latitude 5450 14th Gen Core Ultra 7 (8GB-512GB SSD),327999,369999,11,,,dell,Latitude 5450 14th Gen Core Ultra 7,Ultra 7,8GB-512GB SSD,8,1
Dell Latitude 3550 Ultra 5-125U (8GB-512GB SSD),197999,250000,21,,,dell,Latitude 3550 Ultra 5-125U,Ultra 5,8GB-512GB SSD,8,1
DELL LATTITUDE 5550 14TH GEN Core Ultra 5 125U (8GB-512GB SSD),304999,340000,10,,,dell,LATTITUDE 5550 14TH GEN Core Ultra 5 125U,Ultra 5,8GB-512GB SSD,8,1
Dell Latitude 3550 Raptor Lake 13th Gen Core i7 1355U (8GB-512GB SSD),249999,304999,18,,,dell,Latitude 3550 Raptor Lake 13th Gen Core i7 1355U,Core i7,8GB-512GB SSD,8,1
Dell 15 DC15250 Core 3-100U (8GB-512GB SSD),147999,165000,10,,,dell,15 DC15250 Core 3-100U,,8GB-512GB SSD,8,1
Dell 15 DC15250 Ci5-1334U (8GB-512GB SSD),147999,200000,26,,,dell,15 DC15250 Ci5-1334U,,8GB-512GB SSD,8,1
Dell Latitude 3550 Raptor Lake 13th Gen Core i5 1335U (8GB-512GB SSD),184999,219999,16,,,dell,Latitude 3550 Raptor Lake 13th Gen Core i5 1335U,Core i5,8GB-512GB SSD,8,1
Dell Latitude 5440 13TH GEN CORE i7 1355U (8GB-512GB SSD),344999,370000,7,,,dell,Latitude 5440 13TH GEN CORE i7 1355U,,8GB-512GB SSD,8,1
DELL LATTITUDE 5550 14TH GEN Core Ultra 7 155U (8GB-512GB SSD),359999,379999,5,,,dell,LATTITUDE 5550 14TH GEN Core Ultra 7 155U,Ultra 7,8GB-512GB SSD,8,1
Dell Inspiron 3520 Core i7 12th Gen (8GB-512GBSSD),187499,230000,18,,,dell,Inspiron 3520 Core i7 12th Gen,Core i7,8GB-512GBSSD,8,1
HP EliteBook 640 G10 13th Gen Core i7 14 inches (16GB-512GB),247999,300000,17,,,hp,EliteBook 640 G10 13th Gen Core i7 14 inches,Core i7,,,0
HP 15S-FQ5317TU Laptop 12th Gen Core i5 (8GB-512GB),150999,180000,16,5,1,hp,15S-FQ5317TU Laptop 12th Gen Core i5,Core i5,,,0
HP 15 FD0240TU 13th Gen Core i5 1334u (8GB-512GB),150999,185000,18,,,hp,15 FD0240TU 13th Gen Core i5 1334u,Core i5,,,0
HP Spectre 14-EU0008NI Ultra 7 (16GB 1TB) Oled Plus HP PEN,464999,480000,3,,,hp,Spectre 14-EU0008NI Ultra 7  Oled Plus HP PEN,Ultra 7,,,0
HP Envy 16-H1053DX 13th Gen Core i7-13700H (16GB-1TB),360999,400000,10,,,hp,Envy 16-H1053DX 13th Gen Core i7-13700H,Core i7,,,0
HP OMEN 16-AE0073CL Ci7-14650HX (32GB - 1TB) RTX-4060-8GB,433999,460000,6,,,hp,OMEN 16-AE0073CL Ci7-14650HX  RTX-4060-8GB,,,,0
HP VICTUS 15-FB3093DX  R7-7445HS (16GB 512GB) RTX-4050-6GB,244999,288999,15,,,hp,VICTUS 15-FB3093DX  R7-7445HS  RTX-4050-6GB,,,,0
HP OmniBook 5 16-AF1095CL Core Ultra 9 285H (32GB 1TB),346999,370000,6,,,hp,OmniBook 5 16-AF1095CL Core Ultra 9 285H,Ultra 9,,,0
HP Pavilion 15 EH2032au 15.6 Inches AMD Ryzen 5 5625U Win 11 (16GB - 512GB),156999,199999,22,,,hp,Pavilion 15 EH2032au 15.6 Inches AMD Ryzen 5 5625U Win 11,Ryzen 5,,,0
HP ProBook 460 G11 Intel Core Ultra 5 125U (8GB-512GB),194999,280000,30,,,hp,ProBook 460 G11 Intel Core Ultra 5 125U,Ultra 5,,,0
HP Probook 440 G10 13th Gen Core i7 DOS,221999,280000,21,,,hp,Probook 440 G10 13th Gen Core i7 DOS,Core i7,,,0
HP 15s FQ5098TU 15.6 Inches 12th Gen Core i5 Win 11 (8GB - 512GB),145999,174999,17,,,hp,15s FQ5098TU 15.6 Inches 12th Gen Core i5 Win 11,Core i5,,,0
HP Spectre 2-in-1 X360 16-F2013DX 13th Gen Core i7,346999,380000,9,,,hp,Spectre 2-in-1 X360 16-F2013DX 13th Gen Core i7,Core i7,,,0
HP 250 G10 13th Gen Core i3 DOS,107499,120000,10,5,1,hp,250 G10 13th Gen Core i3 DOS,Core i3,,,0
HP VICTUS 15-FA2093DX Ci7-13620H (16GB-1TB SSD) RTX 5060 8GB,357999,539999,34,,,hp,VICTUS 15-FA2093DX Ci7-13620H  RTX 5060 8GB,,,,0
HP VICTUS 15-FA2701WM Ci5-13420H (16GB -512GB) RTX-4050-6GB,234999,300000,22,,,hp,VICTUS 15-FA2701WM Ci5-13420H  RTX-4050-6GB,,,,0
HP Probook 450 G10 Core i5 13th Gen 1335U,179999,200000,10,3,1,hp,Probook 450 G10 Core i5 13th Gen 1335U,Core i5,,,0
HP OmniBook X Flip 14-FM0023DX Core Ultra 7 256V (16GB-1TB SSD),259999,290000,10,,,hp,OmniBook X Flip 14-FM0023DX Core Ultra 7 256V,M0,,,0
HP Elitebook 660 G11 U7 | Intel® Core™ Ultra 7 155U (8GB-512GB),302999,370000,18,,,hp,Elitebook 660 G11 U7 | Intel® Core™ Ultra 7 155U,Ultra 7,,,0
HP 15s FQ5096TU 15.6 Inches 12th Gen Core i3 Win 11 (4GB - 256GB),128999,152000,15,,,hp,15s FQ5096TU 15.6 Inches 12th Gen Core i3 Win 11,Core i3,,,0
HP Probook 440 G10 13th Gen Core i5-1335U,187999,250000,25,,,hp,Probook 440 G10 13th Gen Core i5-1335U,Core i5,,,0
HP ProBook 450 G9 15.6 Inches 12th Gen Core i7 DOS (8GB - 512GB) International,186999,259999,28,,,hp,ProBook 450 G9 15.6 Inches 12th Gen Core i7 DOS  International,Core i7,,,0
HP 15s EQ2174AU AMD Ryzen 5 5500U (8GB 512GB),115999,126000,8,5,1,hp,15s EQ2174AU AMD Ryzen 5 5500U,Ryzen 5,,,0
HP OMNIBOOK 14 FP0023DX Core 7 150U (16GB-512GB),217999,255000,15,,,hp,OMNIBOOK 14 FP0023DX Core 7 150U,,,,0
HP Victus 15-FA0212TX Gaming Laptop 12th Gen Core i7-12650H (16GB-512GB),285999,320000,11,,,hp,Victus 15-FA0212TX Gaming Laptop 12th Gen Core i7-12650H,Core i7,,,0
HP Pavilion X360 14 EK1055TU 14 Inches 13th Gen Core i5 Win 11 Home (8GB - 512GB),199999,299999,33,,,hp,Pavilion X360 14 EK1055TU 14 Inches 13th Gen Core i5 Win 11 Home,Core i5,,,0
HP Pavilion 15 EG3020TX 15.6 Inches 13th Gen Core i7 Win 11 (16GB - 512GB),339999,369999,8,,,hp,Pavilion 15 EG3020TX 15.6 Inches 13th Gen Core i7 Win 11,Core i7,,,0
HP 15s FD0107TU 15.6 Inches 13th Gen Core i5 1335u Win 11 (8GB - 512GB),159999,219999,27,3,1,hp,15s FD0107TU 15.6 Inches 13th Gen Core i5 1335u Win 11,Core i5,,,0
HP Envy 16 H1010TX Gen 13th Core i7,411999,450000,8,,,hp,Envy 16 H1010TX Gen 13th Core i7,Core i7,,,0
HP OmniBook 5 16-AF1067ST Ultra 7-255U (16GB-1TB SSD),239999,280000,14,,,hp,OmniBook 5 16-AF1067ST Ultra 7-255U,Ultra 7,,,0
HP ProBook 440 G10 13th Gen Core i5 14 inches (8GB-512GB),187999,200000,6,,,hp,ProBook 440 G10 13th Gen Core i5 14 inches,Core i5,,,0
HP ProBook 450 G9 15.6 Inches 12th Gen Core i5 Backlit Keyboard DOS,179999,210000,14,5,1,hp,ProBook 450 G9 15.6 Inches 12th Gen Core i5 Backlit Keyboard DOS,Core i5,,,0
HP Envy 2 in 1 16 AC0023dx Intel Core Ultra 7 155U Processor (16GB-1tb),251999,299000,16,,,hp,Envy 2 in 1 16 AC0023dx Intel Core Ultra 7 155U Processor,Ultra 7,,,0
HP Pavilion x360 14 EK1056TU  Core i7 (16GB-1TB),261999,330000,21,,,hp,Pavilion x360 14 EK1056TU  Core i7,Core i7,,,0
HP EliteBook 640 G11 14 Ultra 7 155U (8GB-512GB),293999,370000,21,,,hp,EliteBook 640 G11 14 Ultra 7 155U,Ultra 7,,,0
HP PROBOOK 440 G11 Ultra 5 125u,216999,235000,8,,,hp,PROBOOK 440 G11 Ultra 5 125u,Ultra 5,,,0
HP OMNIBOOK ULTRA FLIP 14-FH0033DX ULTRA 9-288V (32GB-2TB SSD),504999,545000,7,,,hp,OMNIBOOK ULTRA FLIP 14-FH0033DX ULTRA 9-288V,,,,0
HP 15-FB1000CA Ryzen 5 15.6 inches (16GB-1TB),206999,220000,6,,,hp,15-FB1000CA Ryzen 5 15.6 inches,Ryzen 5,,,0
HP 250 G9 15.6 Inches 12th Gen core i5 DOS (8GB - 512GB),152999,189999,19,,,hp,250 G9 15.6 Inches 12th Gen core i5 DOS,,,,0
HP Elitebook 650 G10 13th Gen Core I5 1335U,242999,300000,19,,,hp,Elitebook 650 G10 13th Gen Core I5 1335U,,,,0
HP Probook 450 G9 15.6 Inches 12th Gen Core i7 DOS (8GB - 512GB) Local,194999,299999,35,5,1,hp,Probook 450 G9 15.6 Inches 12th Gen Core i7 DOS  Local,Core i7,,,0
HP Pavilion 15 EG3002TX 15.6 Inches 13th Gen Core i5 Win 11 (8GB - 512GB),258999,324999,20,,,hp,Pavilion 15 EG3002TX 15.6 Inches 13th Gen Core i5 Win 11,Core i5,,,0
HP 15s EQ2174AU 15.6 Inches Ryzen 5 (8GB-512GB),116999,150000,22,,,hp,15s EQ2174AU 15.6 Inches Ryzen 5,Ryzen 5,,,0
HP ProBook 460 G11 | Intel® Core™ Ultra 5 (16GB-512GB),197999,250000,21,,,hp,ProBook 460 G11 | Intel® Core™ Ultra 5,Ultra 5,,,0
HP Probook 450 G10 13th Gen Core i7 (8GB-512GB),214999,240000,10,,,hp,Probook 450 G10 13th Gen Core i7,Core i7,,,0
HP Spectre x360 14-EF2051TU 13th Gen 1355U,401999,425000,5,,,hp,Spectre x360 14-EF2051TU 13th Gen 1355U,,,,0
HP Elitebook 660 G11 Ultra 5 125U,252999,275000,8,,,hp,Elitebook 660 G11 Ultra 5 125U,Ultra 5,,,0
HP OMNIBOOK  X Flip 16-AS0023DX Core Ultra 7 256V (16GB 1TB SSD),259999,290000,10,,,hp,OMNIBOOK  X Flip 16-AS0023DX Core Ultra 7 256V,Ultra 7,,,0
HP OmniBook Ultra Flip 14-FH0030CA Core Ultra 7 256V (16GB 1TB SSD),416999,450000,7,,,hp,OmniBook Ultra Flip 14-FH0030CA Core Ultra 7 256V,Ultra 7,,,0
HP OMEN 16-WD0073dx Ci7-13620H (16GB - 1TB) RTX-4060-8GB,365999,390000,6,,,hp,OMEN 16-WD0073dx Ci7-13620H  RTX-4060-8GB,,,,0
HP 15S FC0298AU Notebook AMD Ryzen 5 7430U,133999,140500,5,5,1,hp,15S FC0298AU Notebook AMD Ryzen 5 7430U,Ryzen 5,,,0
HP 15S-EQ2315AU Laptop AMD Ryzen 7-5700U 8GB-512GB,151999,210000,28,,,hp,15S-EQ2315AU Laptop AMD Ryzen 7-5700U 8GB-512GB,Ryzen 7,,,0
HP Pavilion 15 EH3050au - AMD Ryzen 7 7730U Octa Core (16GB-1TB),198499,245000,19,,,hp,Pavilion 15 EH3050au - AMD Ryzen 7 7730U Octa Core,Ryzen 7,,,0
HP ProBook 460 G11 Ultra 7 155U,229999,300000,23,,,hp,ProBook 460 G11 Ultra 7 155U,Ultra 7,,,0
HP 15s FD0110TU - Raptor Lake - 13th Gen Core i7 (16GB-512GB),222999,270000,17,,,hp,15s FD0110TU - Raptor Lake - 13th Gen Core i7,Core i7,,,0
HP ProBook 460 G11 Notebook PC | Intel® Core™ Ultra 7 Processor 155U (8GB-512GB),251999,310000,19,,,hp,ProBook 460 G11 Notebook PC | Intel® Core™ Ultra 7 Processor 155U,Ultra 7,,,0
HP OMNIBOOK 14 FP0013DX Core 5 120U (8GB-512GB),167999,220000,24,,,hp,OMNIBOOK 14 FP0013DX Core 5 120U,,,,0
HP Envy 16 AC0013DX Ultra 5 125U,210999,250000,16,,,hp,Envy 16 AC0013DX Ultra 5 125U,Ultra 5,,,0
HP Envy 16 H1008TX 16 Inches 13th Gen Core i5 Win 11 (16GB - 512GB),409999,449999,9,,,hp,Envy 16 H1008TX 16 Inches 13th Gen Core i5 Win 11,Core i5,,,0
HP OMEN 16-AP0167AX R9-8940HX (16GB - 512GB) RTX-5060-8GB,419999,499999,16,,,hp,OMEN 16-AP0167AX R9-8940HX  RTX-5060-8GB,,,,0
HP OMNIBOOK X FLIP 16-AS0043DX ULTRA 9-288V (32GB-2TB SSD),403999,445000,9,,,hp,OMNIBOOK X FLIP 16-AS0043DX ULTRA 9-288V,,,,0
HP 15S-FQ5340TU Core i3 12th Gen (8GB-256GB),106999,120000,11,,,hp,15S-FQ5340TU Core i3 12th Gen,Core i3,,,0
HP VICTUS 16-R0003NIA Ci7-13700H (32GB -1TB SSD) RTX 4060 8GB,349999,400000,13,,,hp,VICTUS 16-R0003NIA Ci7-13700H  RTX 4060 8GB,,,,0
HP 15s FC0100AU 15.6 Inches AMD Ryzen 5 7520U Win 11 (8GB - 512GB),191999,234999,18,,,hp,15s FC0100AU 15.6 Inches AMD Ryzen 5 7520U Win 11,Ryzen 5,,,0
HP Laptop 15-fd0356nia  Core™ i5 DOS (8GB-512GB),141999,200000,29,,,hp,Laptop 15-fd0356nia  Core™ i5 DOS,,,,0
HP Probook 450 G9 12th Gen Core i7 DOS,186999,250000,25,,,hp,Probook 450 G9 12th Gen Core i7 DOS,Core i7,,,0
HP 250 G10 Raptor Lake 13th Gen Core i7 (8GB-512GB),187999,209999,10,5,1,hp,250 G10 Raptor Lake 13th Gen Core i7,Core i7,,,0
HP ProBook 440 G10 Core i7 (8GB-512GB NVMe SSD),220999,260000,15,,,hp,ProBook 440 G10 Core i7,Core i7,,,0
HP Pavilion 15 EH2033au 15.6 Inches AMD Ryzen 7 5825U Win 11 (16GB - 1TB),200999,249999,20,,,hp,Pavilion 15 EH2033au 15.6 Inches AMD Ryzen 7 5825U Win 11,Ryzen 7,,,0
HP Envy x360 2 in 1 14 FC0023DX Core Ultra 7 Laptop,230999,300000,23,,,hp,Envy x360 2 in 1 14 FC0023DX Core Ultra 7 Laptop,Ultra 7,,,0
HP Spectre 16-AA0013dx Ultra 7 155U (16GB 1TB) 16WQXGA,469999,520000,10,,,hp,Spectre 16-AA0013dx Ultra 7 155U  16WQXGA,Ultra 7,,,0
HP 15s FQ5099TU 15.6 Inches 12th Gen Core i7 Win 11 (8GB - 512GB),173999,199999,13,,,hp,15s FQ5099TU 15.6 Inches 12th Gen Core i7 Win 11,Core i7,,,0
HP 15s FQ2653TU 11th Gen  Core i7 (8GB-512GB),160999,180000,11,,,hp,15s FQ2653TU 11th Gen  Core i7,Core i7,,,0
HP 250 G9 12th Gen Core i7 DOS,174999,200000,13,,,hp,250 G9 12th Gen Core i7 DOS,Core i7,,,0
"HP Spectre 14-EU0000 Ultra 7 (32GB, 2TB SSD) OLED Plus HP PEN",519999,550000,5,,,hp,Spectre 14-EU0000 Ultra 7  OLED Plus HP PEN,Ultra 7,,,0
HP ENVY x360 14 ES1023dx 14th Gen Core 7 (16GB-512GB),233999,250000,6,,,hp,ENVY x360 14 ES1023dx 14th Gen Core 7,,,,0
HP EliteBook 640 G10 13th Gen Core i5 14 inches (8GB-512GB),199999,230000,13,,,hp,EliteBook 640 G10 13th Gen Core i5 14 inches,Core i5,,,0
HP Elitebook 640 G11 Ultra 5 125U,252999,280000,10,,,hp,Elitebook 640 G11 Ultra 5 125U,Ultra 5,,,0
HP Laptop 15-FD0532NIA Intel Core i3-1315U 13th Gen (4GB-256GB),110999,119000,7,5,1,hp,Laptop 15-FD0532NIA Intel Core i3-1315U 13th Gen,Core i3,,,0
HP Laptop 15S FQ5276NIA i3 12th Gen (4GB-256GB),107999,125000,14,,,hp,Laptop 15S FQ5276NIA i3 12th Gen,,,,0
HP 15 FD0336nia 13th Gen Core i3 (4GB-256GB),107999,125000,14,,,hp,15 FD0336nia 13th Gen Core i3,Core i3,,,0
HP Victus 16-R0042NE Ci7-13700H (16GB-1TB SSD) RTX™ 4060 8GB,327999,375000,13,,,hp,Victus 16-R0042NE Ci7-13700H  RTX™ 4060 8GB,,,,0
HP Probook 440 G11 Ultra 7 155u,227999,275000,17,,,hp,Probook 440 G11 Ultra 7 155u,Ultra 7,,,0
HP ProBook 450 G9 15.6 Inches 12th Gen Core i5 DOS (8GB - 512GB),199999,239999,17,,,hp,ProBook 450 G9 15.6 Inches 12th Gen Core i5 DOS,Core i5,,,0
HP Victus 15-FA2317TX Ci7-13620H (16GB-512GB SSD) RTX 4050 6GB,301999,350000,14,,,hp,Victus 15-FA2317TX Ci7-13620H  RTX 4050 6GB,,16GB-512GB SSD,16,1
HP EliteBook 840 G11 Ultra 7-155U vPro (16GB-512GB SSD),344999,380000,9,,,hp,EliteBook 840 G11 Ultra 7-155U vPro,Ultra 7,16GB-512GB SSD,16,1
HP Victus 15-FB2146AX R7-8845HS (16GB-512GB SSD) RTX 4060 8GB,296999,335000,11,,,hp,Victus 15-FB2146AX R7-8845HS  RTX 4060 8GB,,16GB-512GB SSD,16,1
HP OmniBook 14 FM0013DX Core Ultra 5 226V (16GB-512GB SSD),215999,270000,20,,,hp,OmniBook 14 FM0013DX Core Ultra 5 226V,M0,16GB-512GB SSD,16,1
HP Victus 15-FA2787NR Core i7-13620H Gaming Laptop (16GB-512GB SSD) RTX 5060 8GB,351999,380000,7,,,hp,Victus 15-FA2787NR Core i7-13620H Gaming Laptop  RTX 5060 8GB,Core i7,16GB-512GB SSD,16,1
HP Victus 15-FA2209TX Ci7 14650HX (16GB-512GB SSD) RTX-4050-6GB,337999,390000,13,,,hp,Victus 15-FA2209TX Ci7 14650HX  RTX-4050-6GB,,16GB-512GB SSD,16,1
HP Victus 15-FB3093DX AMD Ryzen 7-7445H (16GB-512GB SSD) RTX 4050 6GB,247999,285000,13,,,hp,Victus 15-FB3093DX AMD Ryzen 7-7445H  RTX 4050 6GB,Ryzen 7,16GB-512GB SSD,16,1
HP VICTUS 15-FA2701WM Ci5-13420H (16GB-512GB SSD) RTX 4050 6GB,233999,275999,15,,,hp,VICTUS 15-FA2701WM Ci5-13420H  RTX 4050 6GB,,16GB-512GB SSD,16,1
"HP 15-DY5131WM Laptop 12thGen Core i3 (8GB RAM, 256GB SSD)",109999,135000,19,4,1,hp,15-DY5131WM Laptop 12thGen Core i3,Core i3,256GB SSD,256,1
"HP 15S-FQ5000NIA Ci3-1215U (4GB, 256GB SSD)",101999,149000,32,,,hp,15S-FQ5000NIA Ci3-1215U,,256GB SSD,256,1
HP Envy 14-ES0013DX 13th Gen Core i5-1335U (8GB DDR4-512GB SSD),169999,220000,23,,,hp,Envy 14-ES0013DX 13th Gen Core i5-1335U,Core i5,512GB SSD,512,1
HP VICTUS 15-FA2013DX Ci5-13420H (8GB 512GB SSD) RTX 3050 6GB,195999,249900,22,,,hp,VICTUS 15-FA2013DX Ci5-13420H  RTX 3050 6GB,,512GB SSD,512,1
HP 15-FD0499NIA Ci5-1334U (8GB 512GB SSD),143999,180000,20,,,hp,15-FD0499NIA Ci5-1334U,,512GB SSD,512,1
HP Laptop EQ2180AU 15.6 Inches AMD Ryzen 5 (8GB RAM - 512GBSSD),194999,219999,11,,,hp,Laptop EQ2180AU 15.6 Inches AMD Ryzen 5,Ryzen 5,512GBSSD,512,1
HP 250 G10 Raptor Lake 13th Gen Core i5 (8GB-512GB SSD),148999,185000,19,,,hp,250 G10 Raptor Lake 13th Gen Core i5,Core i5,8GB-512GB SSD,8,1
HP 15-FD0229NIA Ci7-1355U (8GB-512GB SSD) 15.6 FHD,177999,200000,11,,,hp,15-FD0229NIA Ci7-1355U  15.6 FHD,,8GB-512GB SSD,8,1
HP Probook 450 G10 Raptor Lake 13th Gen Core i5 1334U 8GB-512GB SSD,179999,199999,10,,,hp,Probook 450 G10 Raptor Lake 13th Gen Core i5 1334U 8GB-512GB SSD,Core i5,8GB-512GB SSD,8,1
HP 15 FD0647TU 13th Generation Ci5-1334U (8GB-512GB SSD),139999,170000,18,,,hp,15 FD0647TU 13th Generation Ci5-1334U,,8GB-512GB SSD,8,1
HP 15-FD0647TU Ci5-1334U (8GB-512GB SSD),145999,200000,27,,,hp,15-FD0647TU Ci5-1334U,,8GB-512GB SSD,8,1
HP VICTUS 15-FB2082WM R5-8645HS (8GB-512GB SSD) RTX-4050-6GB,231999,292000,21,,,hp,VICTUS 15-FB2082WM R5-8645HS  RTX-4050-6GB,,8GB-512GB SSD,8,1
HP 15S-FQ5299NIA Laptop 12th Gen Core i7 (8GB-512GB SSD),177999,220000,19,,,hp,15S-FQ5299NIA Laptop 12th Gen Core i7,Core i7,8GB-512GB SSD,8,1
HP 15-FD0336TU Ci5-1334U (8GB-512GB SSD),144999,190000,24,,,hp,15-FD0336TU Ci5-1334U,,8GB-512GB SSD,8,1
HP 250 G10 Ci3 N305 (8GB-512GB SSD),115999,144999,20,,,hp,250 G10 Ci3 N305,,8GB-512GB SSD,8,1
HP ENVY 14-ES1013DX 14th Gen Core 5 120U (8GB-512GB SSD) x360 Touch,169999,200000,15,5,1,hp,ENVY 14-ES1013DX 14th Gen Core 5 120U  x360 Touch,,8GB-512GB SSD,8,1
Infinix INBOOK Air (XL442) Core i3 1215U (8GB - 256GB),119999,129999,8,,,infinix,INBOOK Air,Core i3,,,0
Infinix INBOOK Y3H Plus (YL513H) Core i5 12450H (16GB - 512GB),159999,169999,6,,,infinix,INBOOK Y3H Plus,Core i5,,,0
Infinix GTBOOK 13th Generation Core i9 13900H 1TB-32GB,422500,442999,5,,,infinix,GTBOOK 13th Generation Core i9 13900H 1TB-32GB,Core i9,,,0
Infinix INBook X2 1035G1 14 Inches Core i5 (8GB RAM - 512GB SSD),110999,159999,31,5,2,infinix,INBook X2 1035G1 14 Inches Core i5,Core i5,512GB SSD,512,1
Infinix INBook X2 1065G7 14 Inches Core i7 (8GB RAM - 512GB SSD),119999,169999,29,5,4,infinix,INBook X2 1065G7 14 Inches Core i7,Core i7,512GB SSD,512,1
Infinix INBook Y1 Plus Laptop Core i3 (8GB-256GB SSD) International,85999,111999,23,4.8,4,infinix,INBook Y1 Plus Laptop Core i3  International,Core i3,8GB-256GB SSD,8,1
Lenovo legion 5 14th core i7 14650hx (16GB-1TB) DOS,431999,450000,4,,,lenovo,legion 5 14th core i7 14650hx  DOS,,,,0
Lenovo V15 G4 Core i5 13th Generation,145999,150000,3,,,lenovo,V15 G4 Core i5 13th Generation,Core i5,,,0
Lenovo ThinkPad E16 G1 14 Inches 13th Gen Core i7 (8GB - 512GB),277999,300000,7,,,lenovo,ThinkPad E16 G1 14 Inches 13th Gen Core i7,Core i7,,,0
Lenovo Thinkbook 15 G2 1135G7 15.6 Inches 11th Gen Core i5 DOS (8GB - 1TB),204999,219999,7,,,lenovo,Thinkbook 15 G2 1135G7 15.6 Inches 11th Gen Core i5 DOS,Core i5,,,0
Lenovo ThinkPad E14 Gen 4 Ryzen 5 DOS,141999,180000,21,,,lenovo,ThinkPad E14 Gen 4 Ryzen 5 DOS,Ryzen 5,,,0
Lenovo Legion Pro 7 Ultra 9 275HX (64GB-2TB SSD) RTX 5090 24GB 240Hz,1552999,1599900,3,,,lenovo,Legion Pro 7 Ultra 9 275HX  RTX 5090 24GB 240Hz,Ultra 9,,,0
LENOVO LOQ 15 Ci5 13450HX,261999,310000,15,,,lenovo,LOQ 15 Ci5 13450HX,,,,0
Lenovo Ideapad Slim 3 13th Gen Core i3 DOS,101999,129999,22,,,lenovo,Ideapad Slim 3 13th Gen Core i3 DOS,Core i3,,,0
Lenovo Ideapad 5 15.6 Inches 11th Gen Core i5 DOS (8GB - 512GB),144599,174999,17,5,1,lenovo,Ideapad 5 15.6 Inches 11th Gen Core i5 DOS,Core i5,,,0
LENOVO LEGION PRO 5 Ci7-14650HX (16GB-1TB) RTX-4060-8GB,469999,495000,5,,,lenovo,LEGION PRO 5 Ci7-14650HX  RTX-4060-8GB,,,,0
Lenovo V15 G4 Core i3 13th Gen,110999,200000,45,,,lenovo,V15 G4 Core i3 13th Gen,Core i3,,,0
Lenovo V15 G3 15.6 Inches 12th Gen Core i5 DOS (4GB - 256GB),179999,199999,10,,,lenovo,V15 G3 15.6 Inches 12th Gen Core i5 DOS,Core i5,,,0
Lenovo Legion Pro 5 Ultra 9-275HX (32GB-1TB SSD) RTX 5070 8GB,696999,745000,6,,,lenovo,Legion Pro 5 Ultra 9-275HX  RTX 5070 8GB,Ultra 9,,,0
Lenovo V15 G3 15.6 Inches 12th Gen Core i7 DOS (8GB - 512GB),181999,249999,27,,,lenovo,V15 G3 15.6 Inches 12th Gen Core i7 DOS,Core i7,,,0
LENOVO LOQ 15 Core i7 14650HX,376999,424999,11,,,lenovo,LOQ 15 Core i7 14650HX,Core i7,,,0
LENOVO LEGION PRO 5 Ci9-14900HX (32GB-1TB SSD) RTX 4070 8GB,629999,699999,10,,,lenovo,LEGION PRO 5 Ci9-14900HX  RTX 4070 8GB,,,,0
LENOVO LOQ 15 CI7-14650HX,401999,449000,10,,,lenovo,LOQ 15 CI7-14650HX,,,,0
Lenovo Thinkpad  T14 13th Gen Core I7 DOS,388999,400000,3,,,lenovo,Thinkpad  T14 13th Gen Core I7 DOS,,,,0
Lenovo loq 15 13th Core i5 13450hx (24GB-512GB) DOS,266999,285000,6,,,lenovo,loq 15 13th Core i5 13450hx  DOS,Core i5,,,0
Lenovo ThinkPad E15 G4 15.6 Inches 12th Gen Core i7 Backlit Keyboard DOS (8GB - 512GB),242999,299999,19,,,lenovo,ThinkPad E15 G4 15.6 Inches 12th Gen Core i7 Backlit Keyboard DOS,Core i7,,,0
Lenovo Legion Pro 7 Ultra 9-275HX (32GB-2TB SSD) RTX 5070Ti 12GB 240Hz,992999,1040000,5,,,lenovo,Legion Pro 7 Ultra 9-275HX  RTX 5070Ti 12GB 240Hz,Ultra 9,,,0
Lenovo IdeaPad Slim 3 Ryzen 7 (8GB-512GB),146999,175000,16,,,lenovo,IdeaPad Slim 3 Ryzen 7,Ryzen 7,,,0
Lenovo Legion Pro 7 Ultra 9 275HX (64GB-2TB SSD) RTX 5080 16GB 240Hz,1451999,1499900,3,,,lenovo,Legion Pro 7 Ultra 9 275HX  RTX 5080 16GB 240Hz,Ultra 9,,,0
Lenovo ThinkPad E14 G5 13th Gen Core i5 1335u (8GB-512GB),243999,290000,16,,,lenovo,ThinkPad E14 G5 13th Gen Core i5 1335u,Core i5,,,0
Lenovo ThinkPad E16 Gen 2 - Intel Core Ultra 7 (16GB-512GB),287999,340000,15,,,lenovo,ThinkPad E16 Gen 2 - Intel Core Ultra 7,Ultra 7,,,0
LENOVO LOQ 15 Ci7 13650HX,300999,349000,14,,,lenovo,LOQ 15 Ci7 13650HX,,,,0
LENOVO LOQ 15 15IRX9 Core i5 13th Gen,261999,275000,5,,,lenovo,LOQ 15 15IRX9 Core i5 13th Gen,Core i5,,,0
Lenovo LOQ 15  Inches 13th Gen Core i7 (16GB - 512GB),324999,380000,14,,,lenovo,LOQ 15  Inches 13th Gen Core i7,Core i7,,,0
Lenovo V15 G4 Core i7 13th Gen (8GB-512GB),184999,250000,26,,,lenovo,V15 G4 Core i7 13th Gen,Core i7,,,0
Lenovo Yoga 9 Intel Core Ultra 7 (16GB-1TB SSD),396999,449999,12,,,lenovo,Yoga 9 Intel Core Ultra 7,Ultra 7,,,0
Lenovo IdeaPad 5 Core i7 12th Gen (16GB-512GB),205999,238000,13,,,lenovo,IdeaPad 5 Core i7 12th Gen,Core i7,,,0
Lenovo ThinkPad E16 G1 15.6 Inches 13th Gen Core i7 (16GB - 512GB),254999,300000,15,,,lenovo,ThinkPad E16 G1 15.6 Inches 13th Gen Core i7,Core i7,,,0
Lenovo Ideapad Slim 3 13th Gen Core i7 DOS(16GB-512GB),168999,200000,16,,,lenovo,Ideapad Slim 3 13th Gen Core i7 DOS,Core i7,,,0
Lenovo loq 15 13th Core i7 13650hx (24GB-512GB) DOS,324999,355000,8,5,1,lenovo,loq 15 13th Core i7 13650hx  DOS,Core i7,,,0
Lenovo Yoga 7 2 in 1 16 - Intel Core Ultra 7 (16GB-1TB),261999,370000,29,,,lenovo,Yoga 7 2 in 1 16 - Intel Core Ultra 7,Ultra 7,,,0
Lenovo Thinkbook 15G2 11th Gen Core I7 D0S,181999,200000,9,,,lenovo,Thinkbook 15G2 11th Gen Core I7 D0S,,,,0
Lenovo IdeaPad Slim 5 Ultra 7 155H (16GB-512GB) DOS,256999,280000,8,,,lenovo,IdeaPad Slim 5 Ultra 7 155H  DOS,Ultra 7,,,0
Lenovo Legion Pro 5 Ultra 7-255HX (32GB-1TB SSD) RTX 5060 8GB,622999,670000,7,,,lenovo,Legion Pro 5 Ultra 7-255HX  RTX 5060 8GB,Ultra 7,,,0
Lenovo Legion 5 Ci9-14900HX (32GB-1TB SSD) RTX 5070 8GB,599999,650000,8,,,lenovo,Legion 5 Ci9-14900HX  RTX 5070 8GB,,,,0
Lenovo ThinkPad E16 G1 14 Inches 13th Gen Core i5  (8GB - 512GB),237999,250000,5,,,lenovo,ThinkPad E16 G1 14 Inches 13th Gen Core i5,Core i5,,,0
Lenovo ThinkBook16 - Ci5-1335U (8GB 512GB),161599,225000,28,,,lenovo,ThinkBook16 - Ci5-1335U,,,,0
Lenovo ThinkPad E14 Intel Core Ultra 5 (8GB-512GB),244999,295000,17,,,lenovo,ThinkPad E14 Intel Core Ultra 5,Ultra 5,,,0
Lenovo ThinkPad E16 G1 15.6 Inches 13th Gen Core i5 (8GB - 512GB),237999,250000,5,,,lenovo,ThinkPad E16 G1 15.6 Inches 13th Gen Core i5,Core i5,,,0
Lenovo ThinkPad E14 G5 13th Gen Core i7 1355U (8GB-512GB),285999,310000,8,,,lenovo,ThinkPad E14 G5 13th Gen Core i7 1355U,Core i7,,,0
Lenovo IdeaPad Slim 5 2in1 Core i513420H (16GB-512GB) DOS,221999,250000,11,,,lenovo,IdeaPad Slim 5 2in1 Core i513420H  DOS,Core i513420,,,0
LENOVO LOQ 15 Ci5 12450HX,241999,279999,14,,,lenovo,LOQ 15 Ci5 12450HX,,,,0
LENOVO THINBOOK 16 13TH CI5 8GB/256GB 16INCH,166000,200000,17,,,lenovo,THINBOOK 16 13TH CI5 8GB/256GB 16INCH,,,,0
Lenovo Legion 5 Ci7-14650HX (16GB-1TB SSD) RTX 4050 6GB,381999,429999,11,,,lenovo,Legion 5 Ci7-14650HX  RTX 4050 6GB,,,,0
Lenovo Thinkbook 15 G2 15.6 Inches 11th Gen Core i7 DOS (8GB - 256GB),176999,249999,29,,,lenovo,Thinkbook 15 G2 15.6 Inches 11th Gen Core i7 DOS,Core i7,,,0
Lenovo Ideapad 3 15.6 Inches 11th Gen Core i7 DOS (8GB - 1TB),155999,184999,16,,,lenovo,Ideapad 3 15.6 Inches 11th Gen Core i7 DOS,Core i7,,,0
Lenovo IdeaPad Slim 3 Core i5 13th Gen,134999,174999,23,5,2,lenovo,IdeaPad Slim 3 Core i5 13th Gen,Core i5,,,0
Lenovo ThinkPad E16 Gen 2 - Intel Core Ultra 5 (8GB-512GB),243999,275000,11,,,lenovo,ThinkPad E16 Gen 2 - Intel Core Ultra 5,Ultra 5,,,0
Lenovo IdeaPad Slim 5 Ultra 5 125H (16GB-512GB) DOS,199999,224999,11,,,lenovo,IdeaPad Slim 5 Ultra 5 125H  DOS,Ultra 5,,,0
Lenovo Legion 5 16IAX10 Core Ultra 9-275HX (32GB-1TB SSD) RTX 5060 8GB,493999,550000,10,,,lenovo,Legion 5 16IAX10 Core Ultra 9-275HX  RTX 5060 8GB,Ultra 9,,,0
Lenovo Ideapad 5 13th Gen Core I7 DOS,198999,250000,20,,,lenovo,Ideapad 5 13th Gen Core I7 DOS,,,,0
Lenovo ThinkPad E14 G4 14 Inches 12th Gen Core i5 DOS (8GB - 512GB),229999,260000,12,,,lenovo,ThinkPad E14 G4 14 Inches 12th Gen Core i5 DOS,Core i5,,,0
Lenovo Thinkbook 14 14th Gen Core 7 8GB/512GB,225999,300000,25,,,lenovo,Thinkbook 14 14th Gen Core 7 8GB/512GB,,,,0
Lenovo ThinkbooK 14 13th Core i5,165488,200000,17,,,lenovo,ThinkbooK 14 13th Core i5,Core i5,,,0
Lenovo ThinkPad E14 G4 14 Inches 12th Gen Core i7 DOS (8GB - 512GB),230999,309999,25,,,lenovo,ThinkPad E14 G4 14 Inches 12th Gen Core i7 DOS,Core i7,,,0
Lenovo Thinkbook 15 G2 15.6 Inches 11th Gen Core i7 DOS (8GB - 1TB),202999,254999,20,,,lenovo,Thinkbook 15 G2 15.6 Inches 11th Gen Core i7 DOS,Core i7,,,0
Lenovo LOQ 15 Ryzen 5 7235HS (12GB-512GB SSD) RTX 4050 6GB,226999,255000,11,,,lenovo,LOQ 15 Ryzen 5 7235HS  RTX 4050 6GB,Ryzen 5,12GB-512GB SSD,12,1
Lenovo ThinkPad T14 G6 Ultra 7 225U (16GB-512GB SSD),414999,485000,14,,,lenovo,ThinkPad T14 G6 Ultra 7 225U,Ultra 7,16GB-512GB SSD,16,1
Lenovo ThinkPad E14 G8 U7-255H (16GB-512GB SSD),289999,350000,17,,,lenovo,ThinkPad E14 G8 U7-255H,,16GB-512GB SSD,16,1
Lenovo ThinkBook 16 G7 Ryzen 5-7533HS (16GB-512GB SSD),167999,200000,16,,,lenovo,ThinkBook 16 G7 Ryzen 5-7533HS,Ryzen 5,16GB-512GB SSD,16,1
Lenovo IdeaPad Slim 5 Core i5 13420H DOS (16GB-512GB SSD),176999,199999,12,,,lenovo,IdeaPad Slim 5 Core i5 13420H DOS,Core i5,16GB-512GB SSD,16,1
LENOVO THINKPAD T14 14TH GEN Intel Core Ultra 7 155U (16GB-512GB SSD),400999,420000,5,,,lenovo,THINKPAD T14 14TH GEN Intel Core Ultra 7 155U,Ultra 7,16GB-512GB SSD,16,1
Lenovo ThinkPad E16 G3 Ultra 7 255H (16GB-512GB SSD),293999,340000,14,,,lenovo,ThinkPad E16 G3 Ultra 7 255H,Ultra 7,16GB-512GB SSD,16,1
Lenovo IdeaPad Slim 5 Core i7 13620H DOS (16GB-512GB SSD),209999,229999,9,,,lenovo,IdeaPad Slim 5 Core i7 13620H DOS,Core i7,16GB-512GB SSD,16,1
LENOVO THINKPAD E14 G6 14TH Intel Core Ultra 7 155H (16GB-512GB SSD),283999,299999,5,,,lenovo,THINKPAD E14 G6 14TH Intel Core Ultra 7 155H,Ultra 7,16GB-512GB SSD,16,1
Lenovo ThinkBook16 Ultra 5 225U (16GB-512GB SSD),212999,230000,7,,,lenovo,ThinkBook16 Ultra 5 225U,Ultra 5,16GB-512GB SSD,16,1
Lenovo ThinkPad X1 Carbon G13 Ultra 7 256V (32GB-512GB SSD),659999,726000,9,,,lenovo,ThinkPad X1 Carbon G13 Ultra 7 256V,Ultra 7,32GB-512GB SSD,32,1
Lenovo ThinkPad X1 Carbon G12 Ultra 7 (32GB-512GB SSD),549999,609999,10,,,lenovo,ThinkPad X1 Carbon G12 Ultra 7,Ultra 7,32GB-512GB SSD,32,1
LENOVO THINKPAD T14 14TH GEN Intel Core Ultra 7 155U (32GB-512GB SSD),430999,450000,4,,,lenovo,THINKPAD T14 14TH GEN Intel Core Ultra 7 155U,Ultra 7,32GB-512GB SSD,32,1
Lenovo V15 G3 15. 6 Inches 12th Gen Core i3 DOS (4GB - 256GB SSD),125499,149999,16,,,lenovo,V15 G3 15. 6 Inches 12th Gen Core i3 DOS,Core i3,4GB - 256GB SSD,4,1
Lenovo V15 G3-Ci5 12th (8GB 512GB SSD),132999,199999,34,,,lenovo,V15 G3-Ci5 12th,,512GB SSD,512,1
Lenovo Thinkbook 14 G7 14th Gen Core Ultra 5 125U (8GB DDR5 512GB SSD),195999,199999,2,,,lenovo,Thinkbook 14 G7 14th Gen Core Ultra 5 125U,Ultra 5,512GB SSD,512,1
Lenovo IdeaPad Slim 3 Ryzen 3 7320U DOS (8GB-256GB SSD),99999,114999,13,5,2,lenovo,IdeaPad Slim 3 Ryzen 3 7320U DOS,Ryzen 3,8GB-256GB SSD,8,1
Lenovo ThinkBook 16 Ultra 7 255H (8GB-512GB SSD),251999,280000,10,,,lenovo,ThinkBook 16 Ultra 7 255H,Ultra 7,8GB-512GB SSD,8,1
LENOVO THINKPAD E14 G4 13TH GEN Intel Core I7 1355U (8GB-512GB SSD),267999,280000,4,,,lenovo,THINKPAD E14 G4 13TH GEN Intel Core I7 1355U,,8GB-512GB SSD,8,1
Lenovo ThinkBook 16 Ci3-1305U (8GB-512GB SSD),127999,200000,36,,,lenovo,ThinkBook 16 Ci3-1305U,,8GB-512GB SSD,8,1
Lenovo Thinkbook 14 G7 14TH GEN Core Ultra 7 155H (8GB-512GB SSD),235999,239999,2,,,lenovo,Thinkbook 14 G7 14TH GEN Core Ultra 7 155H,Ultra 7,8GB-512GB SSD,8,1
Lenovo Thinkbook 16 14th Core 7 (8GB-512GB SSD),229999,350000,34,,,lenovo,Thinkbook 16 14th Core 7,,8GB-512GB SSD,8,1
Lenovo ThinkPad E14 G6 Intel Core Ultra 5 125U (8GB-512GB SSD),242999,250000,3,,,lenovo,ThinkPad E14 G6 Intel Core Ultra 5 125U,Ultra 5,8GB-512GB SSD,8,1
Lenovo ThinkPad E14 G8 U5-225H (8GB-512GB SSD),244999,300000,18,,,lenovo,ThinkPad E14 G8 U5-225H,,8GB-512GB SSD,8,1
Lenovo ThinkPad E16 G3 Ultra 5 225U (8GB-512GB SSD),224999,300000,25,,,lenovo,ThinkPad E16 G3 Ultra 5 225U,Ultra 5,8GB-512GB SSD,8,1
